partei,ddps,defr,detec,dfae,dff,dfi,dfjp
CVP,8.064516129032258,20,23.4375,15.384615384615385,15.625,32.25806451612903,60
FDP,35.483870967741936,73.84615384615385,0,16.923076923076923,42.1875,16.129032258064516,15.384615384615385
SP,0,0,46.875,60,25,51.61290322580645,13.846153846153847
SVP,43.54838709677419,6.153846153846154,29.6875,7.6923076923076925,7.8125,0,6.153846153846154
SVP / BDP 2),0,0,0,0,9.375,0,4.615384615384616
SVP 2),12.903225806451612,0,0,0,0,0,0
